AA_seq,AH,Median,Mean,HydrophobicFaceWidth,NEES_binned,phil_A,phob_A,phil_G,phob_G,phil_V,phob_V,phil_L,phob_L,phil_I,phob_I,phil_F,phob_F,phil_W,phob_W,phil_M,phob_M,phil_Y,phob_Y,phil_C,phob_C,phil_S,phob_S,phil_T,phob_T,phil_R,phob_R,phil_K,phob_K,phil_N,phob_N,phil_Q,phob_Q,phil_D,phob_D,phil_E,phob_E,phil_H,phob_H,phil_P,phob_P,Length,Hydrophobicity,H_moment,Netcharge,Dfactor,phil_S_T,phil_R_K,phil_L_I,phil_F_W,phil_M_C,phil_D_E,phil_N_Q,phob_S_T,phob_R_K,phob_L_I,phob_F_W,phob_M_C,phob_D_E,phob_N_Q,Median_Log,Median_boxcox
VSEFMTRLFS,emc7,0.942,0.9244,8,Strong Binding,0.0,0.0,0.0,0.0,0.0,0.25,0.0,0.25,0.0,0.0,0.0,0.5,0.0,0.0,0.0,0.25,0.0,0.0,0.0,0.0,0.25,0.25,0.25,0.0,0.25,0.0,0.0,0.0,0.0,0.0,0.0,0.0,0.0,0.0,0.25,0.0,0.0,0.0,0.0,0.0,10.0,0.626,0.6143528938713448,0.0,0.58,0.5,0.25,0.0,0.0,0.0,0.25,0.0,0.25,0.0,0.25,0.5,0.25,0.0,0.0,0.6637183698691331,0.19762704016538202
RGLWEKCQEYLRKINRDIAQLLTH,scai,1.248,1.2132916666666669,7,Strong Binding,0.08,0.0,0.08,0.0,0.0,0.0,0.0,0.31,0.0,0.15,0.0,0.0,0.0,0.08,0.0,0.0,0.0,0.08,0.0,0.08,0.0,0.0,0.08,0.0,0.23,0.0,0.15,0.0,0.0,0.08,0.15,0.0,0.0,0.08,0.15,0.0,0.08,0.0,0.0,0.0,24.0,0.323,0.6308410406257299,2.0,1.256,0.08,0.38,0.0,0.0,0.0,0.15,0.15,0.0,0.0,0.4599999999999999,0.08,0.08,0.08,0.08,0.8100409320314447,0.20179071064077317
FFIGDWMRCLY,wfs1,0.65,0.6346999999999999,11,No Binding,0.0,0.0,0.2,0.0,0.0,0.0,0.0,0.2,0.0,0.2,0.2,0.2,0.0,0.2,0.0,0.2,0.2,0.0,0.0,0.2,0.0,0.0,0.0,0.0,0.2,0.0,0.0,0.0,0.0,0.0,0.0,0.0,0.2,0.0,0.0,0.0,0.0,0.0,0.0,0.0,11.0,1.025,0.5181474125721869,0.0,0.489,0.0,0.2,0.0,0.2,0.0,0.2,0.0,0.0,0.0,0.4,0.4,0.4,0.0,0.0,0.5007752879124893,0.18774882610594204
FWRRLEDLIQGLT,peds1,0.7755000000000001,0.7848333333333334,7,Subtle Binding,0.0,0.0,0.17,0.0,0.0,0.0,0.0,0.5,0.0,0.17,0.0,0.17,0.0,0.17,0.0,0.0,0.0,0.0,0.0,0.0,0.0,0.0,0.0,0.17,0.33,0.0,0.0,0.0,0.0,0.0,0.17,0.0,0.17,0.0,0.17,0.0,0.0,0.0,0.0,0.0,13.0,0.581,0.7845991380828778,0.0,0.741,0.0,0.33,0.0,0.0,0.0,0.34,0.17,0.17,0.0,0.67,0.34,0.0,0.0,0.0,0.5740820734010056,0.19316098006266197
MSLRQRLAQLVGRLQ,sgpp1,0.7064999999999999,0.7249166666666667,6,Subtle Binding,0.12,0.0,0.12,0.0,0.0,0.12,0.0,0.5,0.0,0.0,0.0,0.0,0.0,0.0,0.12,0.0,0.0,0.0,0.0,0.0,0.12,0.0,0.0,0.0,0.25,0.12,0.0,0.0,0.0,0.0,0.25,0.12,0.0,0.0,0.0,0.0,0.0,0.0,0.0,0.0,15.0,0.389,0.4199727264870477,3.0,1.386,0.12,0.25,0.0,0.0,0.12,0.0,0.25,0.0,0.12,0.5,0.0,0.0,0.0,0.12,0.5344444893646246,0.19047447989251548
SLRPLLRRA,mboat7-2,0.6859999999999999,0.6904999999999999,4,Subtle Binding,0.0,0.25,0.0,0.0,0.0,0.0,0.0,0.75,0.0,0.0,0.0,0.0,0.0,0.0,0.0,0.0,0.0,0.0,0.0,0.0,0.0,0.25,0.0,0.0,0.75,0.0,0.0,0.0,0.0,0.0,0.0,0.0,0.0,0.0,0.0,0.0,0.0,0.0,0.25,0.0,9.0,0.34,0.5711344618657546,3.0,1.529,0.0,0.75,0.0,0.0,0.0,0.0,0.0,0.25,0.0,0.75,0.0,0.0,0.0,0.0,0.5223588595796637,0.18954698218916133
FWCRFRRAFITVTHR,lemd3,1.1,1.1343703703703705,6,Strong Binding,0.12,0.0,0.0,0.0,0.0,0.12,0.0,0.0,0.12,0.0,0.0,0.38,0.0,0.12,0.0,0.0,0.0,0.0,0.12,0.0,0.0,0.0,0.12,0.12,0.38,0.12,0.0,0.0,0.0,0.0,0.0,0.0,0.0,0.0,0.0,0.0,0.12,0.0,0.0,0.0,15.0,0.607,0.4425567027627534,4.0,1.738,0.12,0.38,0.12,0.0,0.12,0.0,0.0,0.12,0.12,0.0,0.5,0.0,0.0,0.0,0.7419373447293773,0.20021426700129943
VLQEIYLSGLRSWKRHLSRFWND,cpt1c,0.783,0.7732666666666667,5,Subtle Binding,0.0,0.0,0.0,0.08,0.08,0.0,0.08,0.25,0.08,0.0,0.0,0.08,0.0,0.17,0.0,0.0,0.0,0.08,0.0,0.0,0.25,0.0,0.0,0.0,0.25,0.0,0.0,0.08,0.08,0.0,0.0,0.08,0.08,0.0,0.08,0.0,0.0,0.08,0.0,0.0,23.0,0.471,0.5203040812103944,2.0,1.151,0.25,0.25,0.16,0.0,0.0,0.16,0.08,0.0,0.08,0.25,0.25,0.0,0.0,0.08,0.5782973388810033,0.19341741233283097
CASHLAWFGDSLTSLSQRLQ,tmem214,1.408,1.427909090909091,5,Strong Binding,0.2,0.0,0.0,0.1,0.0,0.0,0.0,0.4,0.0,0.0,0.0,0.1,0.1,0.0,0.0,0.0,0.0,0.0,0.0,0.1,0.2,0.2,0.1,0.0,0.1,0.0,0.0,0.0,0.0,0.0,0.2,0.0,0.1,0.0,0.0,0.0,0.0,0.1,0.0,0.0,20.0,0.55,0.4447841131396514,0.0,0.42,0.3,0.1,0.0,0.1,0.0,0.1,0.2,0.2,0.0,0.4,0.1,0.1,0.0,0.0,0.8787965274465745,0.20293215907353648
TLVRAAVRRYL,fitm2,0.811,0.8732380952380953,10,Strong Binding,0.17,0.17,0.0,0.0,0.0,0.33,0.17,0.17,0.0,0.0,0.0,0.0,0.0,0.0,0.0,0.0,0.0,0.17,0.0,0.0,0.0,0.0,0.17,0.0,0.5,0.0,0.0,0.0,0.0,0.0,0.0,0.0,0.0,0.0,0.0,0.0,0.0,0.0,0.0,0.0,11.0,0.423,0.3793944867820402,3.0,1.348,0.17,0.5,0.17,0.0,0.0,0.0,0.0,0.0,0.0,0.17,0.0,0.0,0.0,0.0,0.5938791789012764,0.19432100970125132
LASTLKTLL,vma21,0.75,0.7622,6,Subtle Binding,0.0,0.33,0.0,0.0,0.0,0.0,0.0,1.33,0.0,0.0,0.0,0.0,0.0,0.0,0.0,0.0,0.0,0.0,0.0,0.0,0.33,0.0,0.33,0.33,0.0,0.0,0.33,0.0,0.0,0.0,0.0,0.0,0.0,0.0,0.0,0.0,0.0,0.0,0.0,0.0,9.0,0.733,0.645849810197174,1.0,0.94,0.66,0.33,0.0,0.0,0.0,0.0,0.0,0.33,0.0,1.33,0.0,0.0,0.0,0.0,0.5596157879354227,0.1922399003106227
NILSYWIRTSKPVFRKMLFPILL,tmem126a,0.785,0.7558095238095238,9,Subtle Binding,0.0,0.0,0.0,0.0,0.0,0.08,0.25,0.08,0.0,0.25,0.08,0.08,0.0,0.08,0.0,0.08,0.08,0.0,0.0,0.0,0.08,0.08,0.0,0.08,0.17,0.0,0.17,0.0,0.08,0.0,0.0,0.0,0.0,0.0,0.0,0.0,0.0,0.0,0.08,0.08,23.0,0.803,0.3282255148949154,4.0,1.63,0.08,0.34,0.25,0.08,0.0,0.0,0.08,0.16,0.0,0.33,0.16,0.08,0.0,0.0,0.5794184152316024,0.19348473256122348
FKSSLTRLGRHWLQRLHR,tmem245,0.7284999999999999,0.7274999999999999,5,Subtle Binding,0.0,0.0,0.0,0.11,0.0,0.0,0.0,0.44,0.0,0.0,0.0,0.11,0.0,0.11,0.0,0.0,0.0,0.0,0.0,0.0,0.22,0.0,0.11,0.0,0.33,0.11,0.0,0.11,0.0,0.0,0.11,0.0,0.0,0.0,0.0,0.0,0.22,0.0,0.0,0.0,18.0,0.335,0.5472635634987176,5.0,2.167,0.33,0.33,0.0,0.0,0.0,0.0,0.11,0.0,0.22,0.44,0.22,0.0,0.0,0.0,0.5472539803795421,0.19139985246794047
PQKKEDDFLNNAMSSLYSGWSSFTTGASRFASAAKEGATKFGSQASQKASELGHSLNENVLKPAQEKVKEGKIFDDVSSGVSQLASKVQGVGSKGWRDVTTFFSGKAEGPLDS,arfgap1,0.678,0.6858333333333333,5,Subtle Binding,0.04,0.16,0.07,0.14,0.02,0.11,0.04,0.09,0.0,0.02,0.02,0.11,0.0,0.04,0.0,0.02,0.0,0.02,0.0,0.0,0.27,0.05,0.07,0.02,0.04,0.0,0.14,0.07,0.05,0.02,0.07,0.04,0.09,0.02,0.07,0.05,0.02,0.0,0.0,0.05,113.0,0.186,0.2879933675855683,1.0,0.602,0.34,0.18,0.04,0.02,0.0,0.16,0.12,0.07,0.07,0.11,0.15,0.02,0.07,0.06,0.5176026080450145,0.1891667706638997
LPQGQGMLSGIGRKVSSLFGILS,nup133,1.368,1.1827878787878787,7,Strong Binding,0.0,0.0,0.25,0.17,0.0,0.08,0.0,0.33,0.08,0.08,0.0,0.08,0.0,0.0,0.0,0.08,0.0,0.0,0.0,0.0,0.33,0.0,0.0,0.0,0.08,0.0,0.0,0.08,0.0,0.0,0.17,0.0,0.0,0.0,0.0,0.0,0.0,0.0,0.08,0.0,23.0,0.555,0.4166633078664272,2.0,1.053,0.33,0.08,0.08,0.0,0.0,0.0,0.17,0.0,0.08,0.41,0.08,0.08,0.0,0.0,0.8620457170217593,0.20268814396867002
TSSLRRQMKNIVH,epsin1,1.1255000000000002,1.1476111111111114,6,Strong Binding,0.0,0.0,0.0,0.0,0.0,0.14,0.0,0.14,0.0,0.14,0.0,0.0,0.0,0.0,0.0,0.14,0.0,0.0,0.0,0.0,0.29,0.0,0.0,0.14,0.29,0.0,0.14,0.0,0.14,0.0,0.0,0.14,0.0,0.0,0.0,0.0,0.14,0.0,0.0,0.0,13.0,0.187,0.5188805276177958,3.0,1.48,0.29,0.43,0.0,0.0,0.0,0.0,0.14,0.14,0.0,0.28,0.0,0.14,0.0,0.14,0.7540070688167079,0.2005329867465062
